Nom;Prénom;groupe;mail
Dupont;Alice;TI-A;alice.dupont@example.com
Martin;Bertrand;TI-B;bertrand.martin@example.com
Lefèvre;Chloé;TI-C;chloe.lefevre@example.com
Durand;David;TI-D;david.durand@example.com
Petit;Élodie;TI-E;elodie.petit@example.com
Rousseau;François;TI-A;francois.rousseau@example.com
