Name;FirstName;group;email
Smith;Alice;TI-A;alice.smith@example.com
Johnson;Bob;TI-B;bob.johnson@example.com
Brown;Chloe;TI-C;chloe.brown@example.com
Davis;David;TI-D;david.davis@example.com
Miller;Elodie;TI-E;elodie.miller@example.com
Wilson;Frank;TI-A;frank.wilson@example.com
